{"0": -0.8301298782612918, "1": -0.7769219869734556, "2": -0.7769219869734556, "3": -0.6881830377081464, "4": -0.676463294134812, "5": -0.656391873212921, "6": -0.6528203866931552, "7": -0.6528203866931552, "8": -0.6528203866931552}