{"0": -0.8493039429312854, "1": -0.7826870617411132, "2": -0.7390282565590198, "3": -0.6729385310735401, "4": -0.6729385310735401, "5": -0.6658053440958187, "6": -0.660534820318273, "7": -0.660534820318273, "8": -0.660534820318273}