{"0": -0.8493039429312854, "1": -0.7878680030707819, "2": -0.781480501613777, "3": -0.6812420217751751, "4": -0.6812420217751751, "5": -0.6812420217751751, "6": -0.6787048567164939, "7": -0.6787048567164939, "8": -0.6787048567164939}