{"0": -1.506347433505665, "1": -1.4925361802552994, "2": -1.4925361802552994, "3": -0.6925873689958038, "4": -0.6911742863290409}