{"0": -1.5601362509321124, "1": -1.3573651876734045, "2": -1.3573651876734045, "3": -0.6919811531243674, "4": -0.6919811531243674}