{"0": -1.5601362509321124, "1": -1.6392445443062418}