{"0": -0.8301298782612918, "1": -0.8020691574276425, "2": -0.8020691574276425, "3": -0.6905435860496636, "4": -0.6817207798588018, "5": -0.6637068389856431, "6": -0.6613546458317374, "7": -0.6613546458317374, "8": -0.6613546458317374}