{"0": 129826.96242994872, "0": 129826.96242994872}