{"0": -0.8493039429312854, "1": -0.7898041725816657, "2": -0.7530520823674858, "3": -0.6687717272756374, "4": -0.6687717272756374, "5": -0.6552314975419268, "6": -0.6542424541486715, "7": -0.6542424541486715, "8": -0.6542424541486715}