{"0": -0.6886547723636995, "1": -0.6791621153390563, "2": -0.6767788707501524, "3": -0.6767336735231926, "4": -0.6767336735231926}