{"0": 101924.06879546706, "0": 101924.06879546706}