{"0": -0.6905102221115924, "1": -0.6818908739091334, "2": -0.6802364339527083, "3": -0.6799991703878592, "4": -0.6799991703878592}