{"0": -0.6886547723636995, "1": -0.6802886874750537, "2": -0.6765508721508124, "3": -0.6765508721508124, "4": -0.6765508721508124}