{"0": -1.1859903871169941, "1": -0.6828654026191876, "2": -0.6696374412643258, "3": -0.6696374412643258, "4": -0.6688670334496982, "5": -0.6688670334496982}