{"0": -0.6924695276061934, "1": -0.6904470537702444, "2": -0.6904470537702444, "3": -0.689487495825999, "4": -0.689487495825999}