{"0": -0.6910158882874218, "1": -0.6877193485461897, "2": -0.6877193485461897, "3": -0.6874674658619409, "4": -0.6874674658619409}