{"0": -0.6915446572436524, "1": -0.6720911131819458, "2": -0.6720911131819458, "3": -0.6718155645455084, "4": -0.6718155645455084}