{"0": -0.6924155521020015, "1": -0.6847305857790976, "2": -0.6847305857790976, "3": -0.674172883182989, "4": -0.674172883182989, "5": -0.6678015379452416}