{"0": -0.7234292510203704, "1": -0.7234292510203704, "2": -0.7234292510203704, "3": -0.7020775427126621, "4": -0.7016825908289539}