{"0": -108911.76132268386, "1": -103063.36626490061, "2": -103063.36626490061, "3": -103063.36626490061, "4": -103063.36626490061, "5": -102510.59414968964}