{"0": -121762.73282453505, "1": -103203.9974404212, "2": -121762.73282453505, "3": -99967.85934313037, "4": -99967.85934313037}