{"0": -114882.7012673513, "1": -104322.8451617769, "2": -104322.8451617769, "3": -102923.73168298253, "4": -102923.73168298253, "5": -102923.73168298253, "6": -101609.53063915907, "7": -101609.53063915907, "8": -99890.23174476658}