{"0": -92258.44055727773, "1": -91913.96533205411, "2": -91913.96533205411, "3": -91913.96533205411, "4": -91913.96533205411}