{"0": -0.032970541578038325, "1": -0.032970541578038325, "2": -0.032970541578038325, "3": -0.032970541578038325, "4": -0.032970541578038325}