{"0": -0.03563697554322767, "1": -0.03389663534501147, "2": -0.033233804764762426, "3": -0.033233804764762426, "4": -0.033233804764762426, "5": -0.03279795001747925, "6": -0.03179151459057549, "7": -0.03179151459057549, "8": -0.03179151459057549}