{"0": -0.027354431249221677, "1": -0.02335187648524467, "2": -0.023243260065933857}