{"0": -0.23211373167560662, "1": -0.23200391563301864, "2": -0.23211373167560662, "3": -0.23185337207714554, "4": -0.23185140729674256}