{"0": -0.2476369198019594, "1": -0.2355225627753017, "2": -0.2355225627753017, "3": -0.2355225627753017, "4": -0.2355225627753017, "5": -0.22916604770508897, "6": -0.22427774329947497, "7": -0.22427774329947497, "8": -0.22427774329947497}