{"0": -1.1921123762387196, "1": -1.1113643615710727, "2": -1.1113643615710727, "3": -1.105561505480643, "4": -1.105561505480643, "5": -1.105561505480643, "6": -1.0911467356580493, "7": -1.0911467356580493, "8": -1.0911467356580493}