{"0": -1.1921123762387196, "1": -1.1100927773704554, "2": -1.1100927773704554, "3": -1.107225999974056, "4": -1.1075201298549504, "5": -1.1075201298549504, "6": -1.103531912025593, "7": -1.103531912025593, "8": -1.103531912025593}