{"0": -1.5747478479048307, "1": -1.5508518360006929, "2": -1.5508518360006929, "3": -1.5442510752055478, "4": -1.5442510752055478}