{"0": -1.1872194458396375, "1": -1.181049871933293, "2": -1.181049871933293, "3": -1.1261778075644806, "4": -1.126177792395444}