{"0": -0.23319789526868903, "1": -0.233197895264885, "2": -0.23319789526868903, "3": -0.23309816829850283, "4": -0.23309634479851654}