{"0": -1.2051315725948992, "1": -1.1782135448976163, "2": -1.1782135448976163, "3": -1.1095067067491706, "4": -1.1095067067491706, "5": -1.061211102436215, "6": -1.0526024324958771, "7": -1.0526024324958771, "8": -1.0469498436036289}