{"0": -114882.7012673513, "1": -110842.1104609814, "2": -110842.1104609814, "3": -110842.1104609814, "4": -110842.1104609814, "5": -101004.72069264462, "6": -97867.9858454921, "7": -97867.9858454921, "8": -97867.9858454921}