{"0": -1.1260276601935502, "1": -1.1260276601935502, "2": -1.1260276601935502, "3": -1.1168850171949374, "4": -1.1166552792599727}