{"0": -1.130554409274735, "1": -1.130554409274735, "2": -1.130554409274735, "3": -1.0852095960877817, "4": -1.0816865312789137}