{"0": -1.2051315725948992, "1": -1.1880139993352588, "2": -1.1880139993352588, "3": -1.1025223229408931, "4": -1.1025223229408931, "5": -1.0612827849598183, "6": -1.0497933725228128, "7": -1.0497933725228128, "8": -1.0497933725228128}