{"0": -1.6178252528796566, "1": -1.52291267406489, "2": -1.52291267406489, "3": -1.5221440474640429, "4": -1.5221440474640429}