{"0": -1.4992146578809038, "1": -1.4123076887722548, "2": -1.4123076887722548, "3": -1.4123076887722548, "4": -1.4123076887722548}