{"0": -1.7201773064467614, "1": -1.46907848444477, "2": -1.4475527354255977, "3": -1.407156889756954, "4": -1.407156889756954}