{"0": -1.1484011796436229, "1": -1.1484011796436229, "2": -1.1484011796436229, "3": -1.1300043728767446, "4": -1.1300043728767446}