{"0": -1.1262302220533382, "1": -1.111397599048843, "2": -1.111397599048843, "3": -1.0865819691709453, "4": -1.0865819691709453, "5": -1.0575441810989434}