{"0": -1.1279898510623907, "1": -1.1279898510623907, "2": -1.1279898510623907, "3": -1.1279898510623907, "4": -1.1279898510623907, "5": -1.1039809553308597}