{"0": -0.0073341854927852414, "1": -0.0073341854927852414, "2": -0.0073341854927852414, "3": -0.0072379405609115975, "4": -0.0072379405609115975}