{"0": -0.20948220901716436, "1": -0.20948220901716436, "2": -0.20948220901716436, "3": -0.2083333286255939, "4": -0.20790040211038918}