{"0": -0.22898800952687487, "1": -0.21079091166705083, "2": -0.21079091166705083, "3": -0.2073104432039088, "4": -0.2074255474383377, "5": -0.2074255474383377, "6": -0.20666993792850444, "7": -0.20666993792850444, "8": -0.20666993792850444}