{"0": -0.8493039429312854, "1": -0.7870018740287621, "2": -0.7870018740287621, "3": -0.6744970629461537, "4": -0.6744970629461537, "5": -0.6711129825256928, "6": -0.6699188256820716, "7": -0.6699188256820716, "8": -0.6665309081550895}