{"0": -1.043066453094258, "1": -0.6648475325104077, "2": -0.6648256759351311, "3": -0.6648256759351311, "4": -0.663264762902866, "5": -0.6627878906178007}