{"0": -0.6920831213904228, "1": -0.6761893827377746, "2": -0.6761893827377746, "3": -0.6717251772714123, "4": -0.6717251772714123}