{"0": -0.6954472568318839, "1": -0.6932072641909357, "2": -0.6795009642972931, "3": -0.671930115216352, "4": -0.671930115216352, "5": -0.6662134283062957}