{"0": -0.812216551799404, "1": -0.774570674636103, "2": -0.774570674636103, "3": -0.6945542015977697, "4": -0.6945542015977697, "5": -0.6886512625471304, "6": -0.6877681903644666, "7": -0.688062666139373, "8": -0.6830067901551854}