{"0": -1.668187639602449, "1": -1.4516588491763922, "2": -1.4516588491763922, "3": -0.6913587590029353, "4": -0.6880879124747232}