{"0": -0.812216551799404, "1": -0.7617957988671673, "2": -0.7617957988671673, "3": -0.6883137664278411, "4": -0.6883137664278411, "5": -0.6816895008792576, "6": -0.6795067715761428, "7": -0.680491029399988, "8": -0.6784054184158681}