{"0": -0.6910195211517735, "1": -0.6866199393965717, "2": -0.6856650207396302, "3": -0.6856650207396302, "4": -0.6856650207396302}