{"0": -1.002941768141309, "1": -0.7207117702541841, "2": -0.6521444262482707, "3": -0.6492397722098573, "4": -0.6478838398658063, "5": -0.6478504613952897}