{"0": -0.692623501892925, "1": -0.6894574743113304, "2": -0.6894574743113304, "3": -0.6894574743113304, "4": -0.6894574743113304}