{"0": -0.6913050082983714, "1": -0.6774081529477467, "2": -0.6774081529477467, "3": -0.6729662040116824, "4": -0.6808242599503548}