{"0": -0.6966679808382082, "1": -0.6856189091980023, "2": -0.6856189091980023, "3": -0.6793816582529543, "4": -0.6843326352510025, "5": -0.6735679885245255}