{"0": -0.03435356404804049, "1": -0.03435356404804049, "2": -0.03435356404804049, "3": -0.03435356404804049, "4": -0.03435356404804049}