{"0": -0.04479800013396758, "1": -0.04266646929328824, "2": -0.042020506348164094, "3": -0.0393498060412428, "4": -0.039315106989067664, "5": -0.038284356108096024, "6": -0.037989492055450394, "7": -0.037989492055450394, "8": -0.037989492055450394}