{"0": -1.043066453094258, "1": -0.66593131799719, "2": -0.6659142231229969, "3": -0.6659142231229969, "4": -0.6639494642342292, "5": -0.6627893684332471}