{"0": -0.023203918948500678, "1": -0.023203918948500678, "2": -0.023203918948500678, "3": -0.023203918948500678, "4": -0.023203918948500678}