{"0": -0.010590564913586339, "1": -0.009621949669766247, "2": -0.009621949669766247, "3": -0.009484663267227179, "4": -0.009484663267227179, "5": -0.009327743590124733, "6": -0.009146023935886396, "7": -0.009146023935886396, "8": -0.00909283368690474}