{"0": -0.04852678448274225, "1": -0.04852678448274225, "2": -0.04852678448274225, "3": -0.04852678448274225, "4": -0.04852678448274225}