{"0": -0.054620861150486054, "1": -0.05248280400414281, "2": -0.05248280400414281, "3": -0.04817814511997856, "4": -0.04780621772532349, "5": -0.04705331386367731, "6": -0.046329724639198384, "7": -0.046329724639198384, "8": -0.045639151039908454}