{"0": -0.08576038764144442, "1": -0.08037178079157893, "2": -0.08037178079157893, "3": -0.07428529116484603, "4": -0.07410898782998929, "5": -0.07336022014850993, "6": -0.07284499117811546, "7": -0.07284499117811546, "8": -0.07276785406187339}