{"0": -0.5760803727670091, "1": -0.5757995091021161, "2": -0.5760803727670091, "3": -0.5756270103103158, "4": -0.5747465840206232}