{"0": -0.5980709797263124, "1": -0.5598754191918722, "2": -0.5598754191918722, "3": -0.5598754191918722, "4": -0.5598754191918722, "5": -0.5598754191918722, "6": -0.5455471250553854, "7": -0.5455471250553854, "8": -0.5455471250553854}