{"0": -0.7236503436757722, "1": -0.6817642613137767, "2": -0.6754446980260982, "3": -0.674571777785131, "4": -0.6392885011052276}