{"0": -0.1953723005963109, "1": -0.1953723005963109, "2": -0.1953723005963109, "3": -0.1953723005963109, "4": -0.1953723005963109}