{"0": -1.2000881089737327, "1": -1.1702685544136737, "2": -1.1702685544136737, "3": -1.1509908056183678, "4": -1.1509908056183678, "5": -1.0858225246224513, "6": -1.0588441339764596, "7": -1.1476186271025235, "8": -1.1074262315792374}