{"0": -1.130554409274735, "1": -1.130554409274735, "2": -1.130554409274735, "3": -1.1184546613259558, "4": -1.1157383668296434}