{"0": -1.2000881089737327, "1": -1.162707886655085, "2": -1.162707886655085, "3": -1.117763241768341, "4": -1.117763241768341, "5": -1.0806482620430748, "6": -1.0740095478596263, "7": -1.0852165199653747, "8": -1.08024947258919}