{"0": -1.4831179976733768, "1": -1.398226511987784, "2": -1.3770402644249504, "3": -1.3770402644249504, "4": -1.3770402644249504}