{"0": -1.7234478455885818, "1": -1.6180119485949924, "2": -1.6180119485949924}