{"0": -1.1586565385932306, "1": -1.1586565385932306, "2": -1.1586565385932306, "3": -1.1499262758715147, "4": -1.6339550565602705}