{"0": -1.1345262347613265, "1": -1.126162657115414, "2": -1.126162657115414, "3": -1.1257303997222645, "4": -1.1023852580268927, "5": -1.064416629943956}