{"0": -0.024399673078057606, "1": -0.02352048601295003, "2": -0.02352048601295003, "3": -0.022099334344936557, "4": -0.022099334344936557, "5": -0.021726948284382392, "6": -0.021416707737186007, "7": -0.021416707737186007, "8": -0.021356104058364286}