{"0": -0.024399673078057606, "1": -0.02352048601295003, "2": -0.02352048601295003}