{"0": -0.22145451025891988, "1": -0.221383004728598, "2": -0.22145451025891988, "3": -0.22039172680191593, "4": -0.22039172680191593}