{"0": -0.23520516060738134, "1": -0.2251208193358033, "2": -0.2251208193358033}