{"0": -0.09374183432684359, "1": -0.09374183432684359, "2": -0.09374183432684359, "3": -0.09338834538890897, "4": -0.09331494821745984}