{"0": -0.07500898895943367, "1": -0.07500898895943367, "2": -0.07500898895943367, "3": -0.07483914987595346, "4": -0.07482177756613023}