{"0": -0.7530405479884598, "1": -0.7498259260700292, "2": -0.7486408413749992, "3": -0.7486408413749992, "4": -0.7456805469896854, "5": -0.7393913436704158, "6": -0.7393913436704158, "7": -0.6931176134339143, "8": -0.6927049292269967, "9": -0.6922562222106146, "10": -0.6922562222106146, "11": -0.6919487583638515, "12": -0.6919487583638515, "13": -0.6919487583638515, "14": -0.6919487583638515}