{"0": -0.7484090644915109, "1": -0.7484090644915109, "2": -0.726323498837909, "3": -0.726323498837909, "4": -0.726323498837909, "5": -0.7213684394870331, "6": -0.7213684394870331, "7": -0.6870263541358259, "8": -0.6870263541358259}