{"0": -0.7399590046757353, "1": -0.7399590046757353, "2": -0.7399512240005924, "3": -0.7399512240005924, "4": -0.7399512240005924, "5": -0.7385823813619277, "6": -0.7385823813619277, "7": -0.6930754313860135, "8": -0.6921652757194674, "9": -0.692015853232375, "10": -0.692015853232375, "11": -0.691507068755973, "12": -0.691507068755973}