{"0": -1.8755456247633715, "1": -1.8492938981297522, "2": -1.662253198413138, "3": -1.662253198413138, "4": -1.662253198413138, "5": -0.6901523957394133, "6": -0.6764844783115268, "7": -0.6764844783115268}