{"0": -1.9090963153964446, "1": -1.9090963153964446, "2": -1.7517106971389456, "3": -1.7517106971389456, "4": -1.7517106971389456, "5": -0.696077853274429, "6": -0.6829382198507097, "7": -0.6811563746782776}