{"0": -0.7399590046757353, "1": -0.7399590046757353}