{"0": -0.7364847450107856, "1": -0.7364847450107856, "2": -0.7362403361993324, "3": -0.7362403361993324, "4": -0.7347381540701412, "5": -0.7327859823380827, "6": -0.7327859823380827, "7": -0.6930825348091445, "8": -0.6928304123067315, "9": -0.6914015544060637, "10": -0.6914015544060637, "11": -0.6909839604353069, "12": -0.6907667701380981, "13": -0.6907667701380981, "14": -0.6907667701380981}