{"0": -0.7399590046757353, "1": -0.7399590046757353, "2": -0.7394310385009394, "3": -0.7394310385009394, "4": -0.7394310385009394, "5": -0.7394310385009394, "6": -0.7394310385009394, "7": -0.6929205951853593, "8": -0.6913641287301063, "9": -0.6899761370301521, "10": -0.6899761370301521, "11": -0.6892802408730462, "12": -0.6892802408730462, "13": -0.6892802408730462, "14": -0.6892802408730462}