{"0": -0.7390045121513571, "1": -0.7390045121513571, "2": -0.7338734650305336, "3": -0.7338734650305336, "4": -0.7338734650305336, "5": -0.7338734650305336, "6": -0.7338734650305336, "7": -0.6877703947690612, "8": -0.6876594418428639, "9": -0.6861516733721271, "10": -0.6861516733721271, "11": -0.6851900442449312}