{"0": -0.6885464388244769, "1": -0.6885464388244769}