{"0": -0.6825676195092605, "1": -0.6780661866616304, "2": -0.675273076709404, "3": -0.675273076709404, "4": -0.675273076709404, "5": -0.675273076709404, "6": -0.675273076709404, "7": -0.675273076709404, "8": -0.675273076709404}