{"0": -0.6913276738094022, "1": -0.6913276738094022, "2": -0.6906469342262319}