{"0": -0.6913276738094022, "1": -0.6913276738094022}