{"0": -0.6841083603985689, "1": -0.6841083603985689, "2": -0.683765119719459, "3": -0.683765119719459, "4": -0.683765119719459, "5": -0.6833590757133906, "6": -0.6833590757133906, "7": -0.6832627778828894, "8": -0.6832627778828894, "9": -0.6829506102059739, "10": -0.6829506102059739, "11": -0.6829499709558786, "12": -0.6799899877135163}