{"0": -0.6913276738094022, "1": -0.6913276738094022, "2": -0.6906469342262319, "3": -0.6906469342262319, "4": -0.6906469342262319, "5": -0.6906469342262319, "6": -0.6906469342262319, "7": -0.6906387465422452, "8": -0.6906387465422452, "9": -0.6906387465422452, "10": -0.6906387465422452, "11": -0.6906382755406039, "12": -0.6906382755406039, "13": -0.6906382755406039}