{"0": -0.692295415306607, "1": -0.692295415306607, "2": -0.6141208954190474, "3": -0.6141208954190474, "4": -0.6135124245760984, "5": -0.6135124245760984, "6": -0.6135124245760984, "7": -0.6135124245760984, "8": -0.6135124245760984, "9": -0.6067841234372129}