{"0": -0.6953190289241912, "1": -0.6939061287943156, "2": -0.6777926028549485, "3": -0.6669670139484352, "4": -0.6669670139484352, "5": -0.6636685071537928, "6": -0.6636685071537928, "7": -0.6634762361244013, "8": -0.6613803679124275}