{"0": -0.705788693848174, "1": -0.7033637164206487, "2": -0.7026073406551632, "3": -0.7026073406551632, "4": -0.702401417532103, "5": -0.699913457585823, "6": -0.699913457585823, "7": -0.6820611835560837, "8": -0.681403244671867}