{"0": -0.7014523921085354, "1": -0.7014523921085354, "2": -0.7014141063218748, "3": -0.7014141063218748, "4": -0.7004131147978525}