{"0": -0.041125523975756466, "1": -0.041125523975756466, "2": -0.041125523975756466, "3": -0.041125523975756466, "4": -0.041125523975756466}