{"0": -0.00014029706723565308, "1": -0.00011989198565630277, "2": -0.00011989198565630277, "3": -0.00011857997856574188, "4": -0.00011857997856574188}