{"0": -1.0058900295470374, "1": -1.0058900295470374, "2": -1.0058900295470374, "3": -0.019740573196455707, "4": -0.019740573196455696}