{"0": -0.00014029706723565308, "1": -0.00011927857468880762, "2": -0.00011927857468880762, "3": -0.00011860383495441402, "4": -0.00011920423978530699}