{"0": -0.006520684306099321, "1": -0.006520684306099321, "2": -0.006520684306099321, "3": -0.006520684306099321, "4": -0.006520684306099321}