{"0": -1.4548238097011161, "1": -0.2789236937824927, "2": -0.05332766770561227}