{"0": -0.028698776122099205, "1": -0.0029173250984220913, "2": -0.0029173250984220913, "3": -0.0025380981436036614, "4": -0.0025380981436036614}