{"0": -0.00014546933823507844, "1": -9.707173664898639e-05, "2": -9.707173664898639e-05, "3": -9.707173664898639e-05, "4": -9.707173664898639e-05}