{"0": -0.6954472568318839, "1": -0.6950578330999733, "2": -0.6950578330999733, "3": -0.6783253837473668, "4": -0.6783253837473668, "5": -0.6752951465860453}